{"accuracy": [0.5509042143821716, 0.6651283502578735, 0.7194222211837769, 0.7490836381912231, 0.7584279179573059, 0.7722799777984619, 0.786986768245697, 0.796013355255127, 0.8049811124801636, 0.8121751546859741, 0.8177388310432434, 0.8215967416763306, 0.8266634941101074, 0.8294013142585754, 0.833855926990509, 0.8267808556556702, 0.8406670689582825, 0.8426173329353333, 0.8450270891189575, 0.8491239547729492, 0.8515702486038208, 0.852984607219696, 0.8543708920478821, 0.8560593128204346, 0.8588353991508484, 0.8595907688140869, 0.8613985180854797, 0.8613797426223755, 0.8651777505874634, 0.8636838793754578, 0.8666069507598877, 0.8693985342979431, 0.8662487864494324, 0.8660587668418884, 0.8643970489501953, 0.8673511743545532, 0.867831826210022, 0.8705459833145142, 0.8723441958427429, 0.8641406297683716, 0.8705435991287231, 0.8722900748252869, 0.8739224076271057, 0.8739797472953796, 0.8753267526626587, 0.8757035136222839, 0.8750138878822327, 0.8755685687065125, 0.8719379305839539, 0.8767583966255188, 0.8766224384307861, 0.8734950423240662, 0.8781075477600098, 0.8793250322341919, 0.8730047941207886, 0.8794582486152649, 0.8812128305435181, 0.880405843257904, 0.8839384317398071, 0.881769597530365, 0.8827407956123352, 0.8884458541870117, 0.8866670727729797, 0.8904716372489929, 0.8937589526176453, 0.8873319029808044, 0.8897292613983154, 0.8899340629577637, 0.895000696182251, 0.8725392818450928, 0.8867871761322021, 0.8919944763183594, 0.8976722359657288, 0.9001649618148804, 0.9016351699829102, 0.886921226978302, 0.8913651704788208, 0.879753589630127, 0.8821610808372498, 0.8820765614509583, 0.8950302004814148, 0.873175859451294, 0.884678304195404, 0.8880172371864319, 0.892732560634613, 0.8982742428779602, 0.9037915468215942, 0.9058499932289124, 0.9081282019615173, 0.9048664569854736, 0.9075493216514587, 0.9098529815673828, 0.9113286733627319, 0.912285566329956, 0.906846284866333, 0.9084075093269348, 0.9110902547836304, 0.9122965335845947, 0.9161283373832703, 0.9170426726341248], "jaccard_coef": [0.262277215719223, 0.375467449426651, 0.46195974946022034, 0.49981826543807983, 0.5194016098976135, 0.5520870089530945, 0.5774243474006653, 0.5941869616508484, 0.6106670498847961, 0.6230018734931946, 0.6321167945861816, 0.6381183862686157, 0.6463298201560974, 0.6513948440551758, 0.6580666899681091, 0.645535409450531, 0.6717680096626282, 0.674588143825531, 0.6786498427391052, 0.6860300898551941, 0.689807653427124, 0.6920793056488037, 0.6949313282966614, 0.6970529556274414, 0.7023158073425293, 0.7036443948745728, 0.7058709263801575, 0.7070829272270203, 0.7123098969459534, 0.7127041816711426, 0.7195329666137695, 0.7265976667404175, 0.7235419154167175, 0.724025547504425, 0.7211670875549316, 0.7266871929168701, 0.7297419309616089, 0.7340794205665588, 0.7370803952217102, 0.7233209013938904, 0.7348536252975464, 0.7363695502281189, 0.7400883436203003, 0.741019606590271, 0.7410908341407776, 0.743821918964386, 0.7410293221473694, 0.7437281608581543, 0.735619068145752, 0.7452818155288696, 0.744709312915802, 0.7406641840934753, 0.7473981380462646, 0.7508482933044434, 0.7375405430793762, 0.7498695254325867, 0.7537399530410767, 0.7516688704490662, 0.7586027383804321, 0.754107654094696, 0.7561375498771667, 0.7666170597076416, 0.7644897103309631, 0.7698229551315308, 0.7754248976707458, 0.76445472240448, 0.7687227725982666, 0.7692613005638123, 0.7781141400337219, 0.7382864952087402, 0.7617114782333374, 0.7730196714401245, 0.7829874157905579, 0.787919282913208, 0.790438175201416, 0.7630547881126404, 0.7713236212730408, 0.7500439286231995, 0.7554861307144165, 0.753724992275238, 0.7786814570426941, 0.7400367856025696, 0.7586323618888855, 0.7662518620491028, 0.7737688422203064, 0.7844592332839966, 0.7947102189064026, 0.7981532216072083, 0.8028672337532043, 0.7969683408737183, 0.8020682334899902, 0.8063369393348694, 0.8091166615486145, 0.8109967112541199, 0.8003445267677307, 0.8036856651306152, 0.8082284331321716, 0.8114327192306519, 0.8181846737861633, 0.8203656077384949], "loss": [1.0024772882461548, 0.9803765416145325, 0.961948037147522, 0.9542726874351501, 0.9487755298614502, 0.943412721157074, 0.93888920545578, 0.9350627064704895, 0.9319314360618591, 0.92947918176651, 0.9270616173744202, 0.9257252216339111, 0.9239512085914612, 0.9228991270065308, 0.9214460253715515, 0.9239850640296936, 0.9187220931053162, 0.91782546043396, 0.9168251156806946, 0.9153348207473755, 0.9143550395965576, 0.913901150226593, 0.9131494164466858, 0.9125133752822876, 0.9113455414772034, 0.9108361601829529, 0.910346508026123, 0.9098765850067139, 0.9085878729820251, 0.9089534282684326, 0.9072155356407166, 0.9056087136268616, 0.9062322974205017, 0.9058606624603271, 0.9069153666496277, 0.9059311151504517, 0.904859721660614, 0.9042103886604309, 0.9030731916427612, 0.9060364961624146, 0.9034092426300049, 0.902188777923584, 0.9027119874954224, 0.9011512398719788, 0.9010611176490784, 0.9007607102394104, 0.8998231291770935, 0.9004351496696472, 0.9020740985870361, 0.8988967537879944, 0.8984830975532532, 0.8992323279380798, 0.8974003791809082, 0.8957763314247131, 0.8987293243408203, 0.8955583572387695, 0.8941765427589417, 0.8964586853981018, 0.8928465843200684, 0.8943920135498047, 0.8935549855232239, 0.8896092772483826, 0.8907874226570129, 0.8878993988037109, 0.8877612352371216, 0.8906833529472351, 0.8893420696258545, 0.8886705040931702, 0.886465847492218, 0.8982972502708435, 0.8907669186592102, 0.8871375322341919, 0.8843153715133667, 0.8829013705253601, 0.8820793032646179, 0.8897727131843567, 0.8874145150184631, 0.8940770030021667, 0.8945591449737549, 0.8941470384597778, 0.8873870372772217, 0.8969859480857849, 0.8936013579368591, 0.891965925693512, 0.8877031207084656, 0.8848776817321777, 0.881041944026947, 0.8801193237304688, 0.8791452050209045, 0.880742609500885, 0.8794665336608887, 0.87813401222229, 0.8780137300491333, 0.8773229122161865, 0.8802619576454163, 0.8794254064559937, 0.8777071833610535, 0.8770597577095032, 0.8754269480705261, 0.8750461339950562], "val_accuracy": [0.6311219930648804, 0.7141932249069214, 0.700520932674408, 0.6793112754821777, 0.6890182495117188, 0.7149043679237366, 0.7361003160476685, 0.735231876373291, 0.744046688079834, 0.7398850321769714, 0.7445573210716248, 0.7467733025550842, 0.7559921741485596, 0.7539580464363098, 0.786835789680481, 0.7944129705429077, 0.7894880175590515, 0.7937139868736267, 0.7946597933769226, 0.7959286570549011, 0.7956264615058899, 0.8041079640388489, 0.8019623160362244, 0.8123924136161804, 0.8132959008216858, 0.8139608502388, 0.8187930583953857, 0.8183631300926208, 0.8193692564964294, 0.818240761756897, 0.8185632228851318, 0.8171806931495667, 0.8183233737945557, 0.8236463069915771, 0.8261582255363464, 0.81434166431427, 0.8238173723220825, 0.8254181742668152, 0.819913923740387, 0.8358044624328613, 0.8246337175369263, 0.8286304473876953, 0.814450204372406, 0.8292407393455505, 0.823598325252533, 0.8150267004966736, 0.8264003396034241, 0.821871817111969, 0.8311911821365356, 0.8226833343505859, 0.8150392174720764, 0.811815083026886, 0.8278665542602539, 0.8041836619377136, 0.8331966996192932, 0.8150004148483276, 0.8374870419502258, 0.8444721102714539, 0.8339281678199768, 0.8390119075775146, 0.8359237313270569, 0.8244485855102539, 0.8352174162864685, 0.8460268974304199, 0.8423900604248047, 0.848019540309906, 0.8399635553359985, 0.854145884513855, 0.8380470871925354, 0.8237199187278748, 0.838898241519928, 0.8416559100151062, 0.8464212417602539, 0.8491395711898804, 0.8511710166931152, 0.8381639122962952, 0.8519709706306458, 0.8410617709159851, 0.8568848967552185, 0.8264678120613098, 0.8446831703186035, 0.8274615406990051, 0.8417152166366577, 0.838609516620636, 0.8463953733444214, 0.8526134490966797, 0.8521336317062378, 0.8523287773132324, 0.8560125827789307, 0.8468297123908997, 0.8396351933479309, 0.8520247936248779, 0.8504678606987, 0.8540017604827881, 0.8520520925521851, 0.857099175453186, 0.8450436592102051, 0.8627300262451172, 0.8605687022209167, 0.8501562476158142],